epoch,train_loss,val_loss,val_dice,val_iou
1,3.483479,1.207425,0.597222,0.597222
2,1.251689,1.177882,0.597222,0.597222
