epoch,train_loss,val_loss,val_dice,val_iou
1,3.485818,1.207488,0.597222,0.597222
2,1.251738,1.177800,0.597222,0.597222
3,1.215058,1.117594,0.597222,0.597222
